id;full_name;email;cv_url
1;Awesome;Zaria69@hotmail.com;Forks
2;Global Coves;Bennett.Ondricka76@yahoo.com;bandwidth Handmade
3;extend;Cullen.DuBuque@gmail.com;invoice
4;tan Concrete;Jaquelin_Koss86@gmail.com;silver European Unit of Account 9(E.U.A.-9) Metrics
5;Burkina Faso;Reyna55@hotmail.com;users
6;Specialist Tokelau Soap;Barrett.Gibson@hotmail.com;violet
7;Agent Unbranded Belarussian Ruble;Aglae40@hotmail.com;matrix
8;HTTP;Madilyn.Conroy21@gmail.com;Profound
9;Fundamental;Arnulfo_Daugherty3@gmail.com;Circle deposit
10;calculating Haven;Dahlia89@gmail.com;Organic bypass microchip
