id;full_name;phone;address
1;reciprocal payment;"7948237392";strategy Metrics
2;Money Market Account invoice;"9887406882";Springs Checking Account
3;superstructure parsing Ergonomic;"9066861123";connect Avon
4;online;"6892230834";encoding haptic
5;Grocery;"9365132102";Automotive Music dynamic
6;analyzing;"3564911489";optical COM
7;Licensed invoice Supervisor;"9944383607";copying array magnetic
8;invoice expedite;"9917364311";calculate red
9;SAS hack Producer;"0783075755";Granite Maryland payment
10;haptic cyan;"8717744543";Customizable Locks Buckinghamshire
