id;full_name;email;position
1;Legacy;Roxane6@gmail.com;Grocery Savings Account
2;compressing Gorgeous Steel Computer CFA Franc BCEAO;Tremayne62@gmail.com;program deposit
3;Alabama system-worthy productize;Howard.Klocko77@yahoo.com;Bhutan
4;generating;Werner.Huel@gmail.com;Dynamic
5;Malta User-friendly encoding;Brandi8@yahoo.com;streamline
6;Ukraine Avon Small Granite Bacon;Josiah51@yahoo.com;quantify green 1080p
7;Licensed;Leila_Walker@hotmail.com;New Jersey
8;strategize synthesizing;Hobart10@yahoo.com;Legacy Forward
9;bypass Integration;Ursula_Ratke@hotmail.com;Money Market Account override
10;South Carolina;Retta_Gutmann@hotmail.com;vortals
