id;title;description;salary;created_date
1;Berkshire;Metical technologies;15247;2020-05-14T04:50:11
2;panel;Hollow;58049;2020-05-13T19:13:05
3;capability South Dakota;Berkshire strategize;14627;2020-05-13T14:33:33
4;Shirt Liaison;Neck Mountain;11731;2020-05-13T11:00:02
5;Intelligent;vertical XSS;45425;2020-05-14T10:12:00
6;orange;Object-based bypass;41775;2020-05-13T11:48:25
7;Walk Functionality system engine;Handmade Steel Ball Awesome;27784;2020-05-13T22:15:51
8;European Unit of Account 17(E.U.A.-17);multi-tasking;73522;2020-05-13T11:17:05
9;Tunisian Dinar COM;USB bypass;51462;2020-05-14T06:19:14
10;Assistant Refined Specialist;salmon Handcrafted;62124;2020-05-13T11:38:57
